car_ID,symboling,fueltype,aspiration,doornumber,carbody,drivewheel,enginelocation,wheelbase,carlength,carwidth,curbweight,enginetype,cylindernumber,enginesize,fuelsystem,boreratio,horsepower,citympg,highwaympg,price,car_company
1,3,gas,std,two,convertible,rwd,front,225.044,4.28752,1.6281399999999997,1155.752416,dohc,four,2.130323,mpfi,3.47,111,11.200714285714286,8.711666666666666,13495.0,alpha-romeo
2,3,gas,std,two,convertible,rwd,front,225.044,4.28752,1.6281399999999997,1155.752416,dohc,four,2.130323,mpfi,3.47,111,11.200714285714286,8.711666666666666,16500.0,alpha-romeo
3,1,gas,std,two,hatchback,rwd,front,240.03,4.34848,1.6637,1280.490216,ohcv,six,2.4908392000000004,mpfi,2.68,154,12.379736842105263,9.04673076923077,16500.0,alpha-romeo
4,2,gas,std,four,sedan,fwd,front,253.492,4.48564,1.68148,1060.044504,ohc,four,1.7861939000000002,mpfi,3.19,102,9.800625,7.8405,13950.0,audi
5,2,gas,std,four,sedan,4wd,front,252.47600000000003,4.48564,1.68656,1280.943808,ohc,five,2.2286456,mpfi,3.19,115,13.0675,10.691590909090907,17450.0,audi
6,2,gas,std,two,sedan,fwd,front,253.492,4.50342,1.68402,1137.155144,ohc,five,2.2286456,mpfi,3.19,110,12.379736842105263,9.4086,15250.0,audi
7,1,gas,std,four,sedan,fwd,front,268.732,4.89458,1.81356,1290.015648,ohc,five,2.2286456,mpfi,3.19,110,12.379736842105263,9.4086,17710.0,audi
8,1,gas,std,four,wagon,fwd,front,268.732,4.89458,1.81356,1339.910768,ohc,five,2.2286456,mpfi,3.19,110,12.379736842105263,9.4086,18920.0,audi
9,1,gas,turbo,four,sedan,fwd,front,268.732,4.89458,1.81356,1399.784912,ohc,five,2.1467101000000004,mpfi,3.13,140,13.836176470588237,11.76075,23875.0,audi
10,0,gas,turbo,two,hatchback,4wd,front,252.73,4.52628,1.72466,1384.816376,ohc,five,2.1467101000000004,mpfi,3.13,160,14.7009375,10.691590909090907,17859.167,audi
11,2,gas,std,two,sedan,rwd,front,257.048,4.4907200000000005,1.6459199999999998,1086.35284,ohc,four,1.7698068000000002,mpfi,3.5,101,10.226739130434783,8.110862068965517,16430.0,bmw
12,0,gas,std,four,sedan,rwd,front,257.048,4.4907200000000005,1.6459199999999998,1086.35284,ohc,four,1.7698068000000002,mpfi,3.5,101,10.226739130434783,8.110862068965517,16925.0,bmw
13,0,gas,std,two,sedan,rwd,front,257.048,4.4907200000000005,1.6459199999999998,1229.23432,ohc,six,2.6874844,mpfi,3.31,121,11.200714285714286,8.400535714285715,20970.0,bmw
14,0,gas,std,four,sedan,rwd,front,257.048,4.4907200000000005,1.6459199999999998,1254.18188,ohc,six,2.6874844,mpfi,3.31,121,11.200714285714286,8.400535714285715,21105.0,bmw
15,1,gas,std,four,sedan,rwd,front,262.89,4.8006,1.69926,1385.72356,ohc,six,2.6874844,mpfi,3.31,121,11.76075,9.4086,24565.0,bmw
16,0,gas,std,four,sedan,rwd,front,262.89,4.8006,1.69926,1465.10216,ohc,six,3.4249039000000003,mpfi,3.62,182,14.7009375,10.691590909090907,30760.0,bmw
17,0,gas,std,two,sedan,rwd,front,262.89,4.9225200000000005,1.72466,1533.14096,ohc,six,3.4249039000000003,mpfi,3.62,182,14.7009375,10.691590909090907,41315.0,bmw
18,0,gas,std,four,sedan,rwd,front,279.4,5.0038,1.80086,1589.83996,ohc,six,3.4249039000000003,mpfi,3.62,182,15.681,11.76075,36880.0,bmw
19,2,gas,std,two,hatchback,fwd,front,224.53600000000003,3.58394,1.5316199999999998,674.944896,l,three,0.9996131,2bbl,2.91,48,5.0045744680851065,4.438018867924528,5151.0,chevrolet
20,1,gas,std,two,hatchback,fwd,front,240.03,3.95986,1.61544,850.0314079999999,ohc,four,1.4748390000000002,2bbl,3.03,70,6.189868421052632,5.470116279069767,6295.0,chevrolet
21,0,gas,std,four,sedan,fwd,front,240.03,4.03352,1.61544,865.907128,ohc,four,1.4748390000000002,2bbl,3.03,70,6.189868421052632,5.470116279069767,6575.0,chevrolet
22,1,gas,std,two,hatchback,fwd,front,237.998,3.99542,1.62052,850.938592,ohc,four,1.4748390000000002,2bbl,2.97,68,6.357162162162163,5.736951219512195,5572.0,dodge
23,1,gas,std,two,hatchback,fwd,front,237.998,3.99542,1.62052,850.938592,ohc,four,1.4748390000000002,2bbl,2.97,68,7.587580645161291,6.189868421052632,6377.0,dodge
24,1,gas,turbo,two,hatchback,fwd,front,237.998,3.99542,1.62052,965.243776,ohc,four,1.6059358,mpfi,3.03,102,9.800625,7.8405,7957.0,dodge
25,1,gas,std,four,hatchback,fwd,front,237.998,3.99542,1.62052,892.215464,ohc,four,1.4748390000000002,2bbl,2.97,68,7.587580645161291,6.189868421052632,6229.0,dodge
26,1,gas,std,four,sedan,fwd,front,237.998,3.99542,1.62052,902.194488,ohc,four,1.4748390000000002,2bbl,2.97,68,7.587580645161291,6.189868421052632,6692.0,dodge
27,1,gas,std,four,sedan,fwd,front,237.998,3.99542,1.62052,902.194488,ohc,four,1.4748390000000002,2bbl,2.97,68,7.587580645161291,6.189868421052632,7609.0,dodge
28,1,gas,turbo,two,sedan,fwd,front,237.998,3.99542,1.62052,993.820072,ohc,four,1.6059358,mpfi,3.03,102,9.800625,7.8405,8558.0,dodge
29,-1,gas,std,four,wagon,fwd,front,262.382,4.43484,1.64084,1149.85572,ohc,four,1.9992262000000005,2bbl,3.34,88,9.800625,7.8405,8921.0,dodge
30,3,gas,turbo,two,hatchback,fwd,front,243.586,4.399279999999999,1.68402,1275.047112,ohc,four,2.5563876000000003,mfi,3.6,145,12.379736842105263,9.800625,12964.0,dodge
31,2,gas,std,two,hatchback,fwd,front,219.964,3.67284,1.62306,777.003096,ohc,four,1.5076132000000002,1bbl,2.91,58,4.80030612244898,4.355833333333333,6479.0,honda
32,2,gas,std,two,hatchback,fwd,front,219.964,3.67284,1.62306,825.083848,ohc,four,1.5076132000000002,1bbl,2.91,76,7.587580645161291,6.189868421052632,6855.0,honda
33,1,gas,std,two,hatchback,fwd,front,237.998,3.81,1.6256,833.248504,ohc,four,1.2945809,1bbl,2.91,60,6.189868421052632,5.600357142857143,5399.0,honda
34,1,gas,std,two,hatchback,fwd,front,237.998,3.81,1.6256,879.96848,ohc,four,1.5076132000000002,1bbl,2.91,76,7.8405,6.9180882352941175,6529.0,honda
35,1,gas,std,two,hatchback,fwd,front,237.998,3.81,1.6256,887.225952,ohc,four,1.5076132000000002,1bbl,2.91,76,7.8405,6.9180882352941175,7129.0,honda
36,0,gas,std,four,sedan,fwd,front,245.11,4.15036,1.6256,911.71992,ohc,four,1.5076132000000002,1bbl,2.91,76,7.8405,6.9180882352941175,7295.0,honda
37,0,gas,std,four,wagon,fwd,front,245.11,3.99034,1.62306,918.070208,ohc,four,1.5076132000000002,1bbl,2.92,76,7.8405,6.9180882352941175,7295.0,honda
38,0,gas,std,two,hatchback,fwd,front,245.11,4.2545,1.65608,1014.231712,ohc,four,1.802581,1bbl,3.15,86,8.711666666666666,7.127727272727273,7895.0,honda
39,0,gas,std,two,hatchback,fwd,front,245.11,4.2545,1.65608,1038.272088,ohc,four,1.802581,1bbl,3.15,86,8.711666666666666,7.127727272727273,9095.0,honda
40,0,gas,std,four,sedan,fwd,front,245.11,4.45516,1.65608,1045.075968,ohc,four,1.802581,1bbl,3.15,86,8.711666666666666,7.127727272727273,8845.0,honda
41,0,gas,std,four,sedan,fwd,front,245.11,4.45516,1.5875,1075.920224,ohc,four,1.802581,1bbl,3.15,86,8.711666666666666,7.127727272727273,10295.0,honda
42,0,gas,std,four,sedan,fwd,front,245.11,4.45516,1.65608,1118.10428,ohc,four,1.802581,mpfi,3.15,101,9.800625,8.400535714285715,12945.0,honda
43,1,gas,std,two,sedan,fwd,front,245.11,4.29514,1.6764,1040.086456,ohc,four,1.802581,2bbl,3.15,100,9.4086,7.587580645161291,10345.0,honda
44,0,gas,std,four,sedan,rwd,front,239.522,4.33578,1.5697199999999998,1060.044504,ohc,four,1.8189681,2bbl,3.31,78,9.800625,8.110862068965517,6785.0,isuzu
45,1,gas,std,two,sedan,fwd,front,240.03,3.95986,1.61544,850.0314079999999,ohc,four,1.4748390000000002,2bbl,3.03,70,6.189868421052632,5.470116279069767,8916.5,isuzu
46,0,gas,std,four,sedan,fwd,front,240.03,3.95986,1.61544,865.907128,ohc,four,1.4748390000000002,2bbl,3.03,70,6.189868421052632,5.470116279069767,8916.5,isuzu
47,2,gas,std,two,hatchback,rwd,front,243.84,4.38404,1.65608,1240.120528,ohc,four,1.9500649,spfi,3.43,90,9.800625,8.110862068965517,11048.0,isuzu
48,0,gas,std,four,sedan,rwd,front,287.02,5.069839999999999,1.76784,1844.305072,dohc,six,4.227871800000001,mpfi,3.63,176,15.681,12.379736842105263,32250.0,jaguar
49,0,gas,std,four,sedan,rwd,front,287.02,5.069839999999999,1.76784,1844.305072,dohc,six,4.227871800000001,mpfi,3.63,176,15.681,12.379736842105263,35550.0,jaguar
50,0,gas,std,two,sedan,rwd,front,259.08,4.869179999999999,1.7932399999999995,1791.6884,ohcv,twelve,5.342194600000001,mpfi,3.54,262,18.09346153846154,13.836176470588237,36000.0,jaguar
51,1,gas,std,two,hatchback,fwd,front,236.474,4.04114,1.63068,857.28888,ohc,four,1.4912261000000002,2bbl,3.03,68,7.8405,7.587580645161291,5195.0,mazda
52,1,gas,std,two,hatchback,fwd,front,236.474,4.04114,1.63068,861.8248,ohc,four,1.4912261000000002,2bbl,3.03,68,7.587580645161291,6.189868421052632,6095.0,mazda
53,1,gas,std,two,hatchback,fwd,front,236.474,4.04114,1.63068,864.09276,ohc,four,1.4912261000000002,2bbl,3.03,68,7.587580645161291,6.189868421052632,6795.0,mazda
54,1,gas,std,four,sedan,fwd,front,236.474,4.23672,1.63068,882.23644,ohc,four,1.4912261000000002,2bbl,3.03,68,7.587580645161291,6.189868421052632,6695.0,mazda
55,1,gas,std,four,sedan,fwd,front,236.474,4.23672,1.63068,884.5044,ohc,four,1.4912261000000002,2bbl,3.08,68,7.587580645161291,6.189868421052632,7395.0,mazda
56,3,gas,std,two,hatchback,rwd,front,242.062,4.2926,1.66878,1079.54896,rotor,two,1.147097,4bbl,3.33,101,13.836176470588237,10.226739130434783,10945.0,mazda
57,3,gas,std,two,hatchback,rwd,front,242.062,4.2926,1.66878,1079.54896,rotor,two,1.147097,4bbl,3.33,101,13.836176470588237,10.226739130434783,11845.0,mazda
58,3,gas,std,two,hatchback,rwd,front,242.062,4.2926,1.66878,1081.81692,rotor,two,1.147097,4bbl,3.33,101,13.836176470588237,10.226739130434783,13645.0,mazda
59,3,gas,std,two,hatchback,rwd,front,242.062,4.2926,1.66878,1133.98,rotor,two,1.310968,mpfi,3.33,135,14.7009375,10.226739130434783,15645.0,mazda
60,1,gas,std,two,hatchback,fwd,front,250.952,4.51612,1.6890999999999998,1081.81692,ohc,four,1.9992262000000005,2bbl,3.39,84,9.04673076923077,7.35046875,8845.0,mazda
61,0,gas,std,four,sedan,fwd,front,250.952,4.51612,1.6890999999999998,1093.15672,ohc,four,1.9992262000000005,2bbl,3.39,84,9.04673076923077,7.35046875,8495.0,mazda
62,1,gas,std,two,hatchback,fwd,front,250.952,4.51612,1.6890999999999998,1081.81692,ohc,four,1.9992262000000005,2bbl,3.39,84,9.04673076923077,7.35046875,10595.0,mazda
63,0,gas,std,four,sedan,fwd,front,250.952,4.51612,1.6890999999999998,1093.15672,ohc,four,1.9992262000000005,2bbl,3.39,84,9.04673076923077,7.35046875,10245.0,mazda
64,0,diesel,std,four,sedan,fwd,front,250.952,4.51612,1.6890999999999998,1108.125256,ohc,four,1.9992262000000005,idi,3.39,64,6.53375,5.600357142857143,10795.0,mazda
65,0,gas,std,four,hatchback,fwd,front,250.952,4.51612,1.6890999999999998,1099.9606,ohc,four,1.9992262000000005,2bbl,3.39,84,9.04673076923077,7.35046875,11245.0,mazda
66,0,gas,std,four,sedan,rwd,front,266.446,4.444999999999999,1.67894,1211.09064,ohc,four,2.294194,mpfi,3.76,120,12.379736842105263,8.711666666666666,18280.0,mazda
67,0,diesel,std,four,sedan,rwd,front,266.446,4.444999999999999,1.67894,1224.6984,ohc,four,2.1958714,idi,3.43,72,7.587580645161291,6.031153846153846,18344.0,mazda
68,-1,diesel,turbo,four,sedan,rwd,front,279.4,4.84886,1.7856199999999998,1594.37588,ohc,five,2.9988393,idi,3.58,123,10.691590909090907,9.4086,25552.0,buick
69,-1,diesel,turbo,four,wagon,rwd,front,279.4,4.84886,1.7856199999999998,1700.97,ohc,five,2.9988393,idi,3.58,123,10.691590909090907,9.4086,28248.0,buick
70,0,diesel,turbo,two,hardtop,rwd,front,271.01800000000003,4.7625,1.7856199999999998,1585.30404,ohc,five,2.9988393,idi,3.58,123,10.691590909090907,9.4086,28176.0,buick
71,-1,diesel,turbo,four,sedan,rwd,front,293.624,5.146039999999999,1.82118,1710.04184,ohc,five,2.9988393,idi,3.58,123,10.691590909090907,9.4086,31600.0,buick
72,-1,gas,std,four,sedan,rwd,front,293.624,5.146039999999999,1.82118,1696.43408,ohcv,eight,3.8345814,mpfi,3.46,155,14.7009375,13.0675,34184.0,buick
73,3,gas,std,two,convertible,rwd,front,245.364,4.57962,1.7907,1671.48652,ohcv,eight,3.8345814,mpfi,3.46,155,14.7009375,13.0675,35056.0,buick
74,0,gas,std,four,sedan,rwd,front,307.086,5.28574,1.82118,1769.0088,ohcv,eight,5.047226800000001,mpfi,3.8,184,16.80107142857143,14.7009375,40960.0,buick
75,1,gas,std,two,hardtop,rwd,front,284.48,5.059679999999999,1.8288,1685.09428,ohcv,eight,4.981678400000001,mpfi,3.8,184,16.80107142857143,14.7009375,45400.0,buick
76,1,gas,turbo,two,hatchback,rwd,front,260.858,4.53136,1.7271999999999998,1319.95272,ohc,four,2.294194,mpfi,3.78,175,12.379736842105263,9.800625,16503.0,mercury
77,2,gas,std,two,hatchback,fwd,front,237.998,3.99542,1.63576,869.989456,ohc,four,1.5076132000000002,2bbl,2.97,68,6.357162162162163,5.736951219512195,5389.0,mitsubishi
78,2,gas,std,two,hatchback,fwd,front,237.998,3.99542,1.63576,881.782848,ohc,four,1.5076132000000002,2bbl,2.97,68,7.587580645161291,6.189868421052632,6189.0,mitsubishi
79,2,gas,std,two,hatchback,fwd,front,237.998,3.99542,1.63576,908.998368,ohc,four,1.5076132000000002,2bbl,2.97,68,7.587580645161291,6.189868421052632,6669.0,mitsubishi
80,1,gas,turbo,two,hatchback,fwd,front,236.22,3.99542,1.62052,972.95484,ohc,four,1.6059358,spdi,3.03,102,9.800625,7.8405,7689.0,mitsubishi
81,3,gas,turbo,two,hatchback,fwd,front,244.602,4.3942,1.66116,1075.01304,ohc,four,1.802581,spdi,3.17,116,10.226739130434783,7.8405,9959.0,mitsubishi
82,3,gas,std,two,hatchback,fwd,front,244.602,4.3942,1.66116,1055.962176,ohc,four,1.9992262000000005,2bbl,3.35,88,9.4086,7.35046875,8499.0,mitsubishi
83,3,gas,turbo,two,hatchback,fwd,front,243.586,4.399279999999999,1.68402,1285.026136,ohc,four,2.5563876000000003,spdi,3.58,145,12.379736842105263,9.800625,12629.0,mitsubishi
84,3,gas,turbo,two,hatchback,fwd,front,243.586,4.399279999999999,1.68402,1324.942232,ohc,four,2.5563876000000003,spdi,3.59,145,12.379736842105263,9.800625,14869.0,mitsubishi
85,3,gas,turbo,two,hatchback,fwd,front,243.586,4.399279999999999,1.68402,1327.210192,ohc,four,2.5563876000000003,spdi,3.59,145,12.379736842105263,9.800625,14489.0,mitsubishi
86,1,gas,std,four,sedan,fwd,front,244.602,4.37896,1.66116,1072.74508,ohc,four,1.9992262000000005,2bbl,3.35,88,9.4086,7.35046875,6989.0,mitsubishi
87,1,gas,std,four,sedan,fwd,front,244.602,4.37896,1.66116,1090.88876,ohc,four,1.9992262000000005,2bbl,3.35,88,9.4086,7.35046875,8189.0,mitsubishi
88,1,gas,turbo,four,sedan,fwd,front,244.602,4.37896,1.66116,1089.981576,ohc,four,1.802581,spdi,3.17,116,10.226739130434783,7.8405,9279.0,mitsubishi
89,-1,gas,std,four,sedan,fwd,front,244.602,4.37896,1.66116,1089.981576,ohc,four,1.802581,spdi,3.17,116,10.226739130434783,7.8405,9279.0,mitsubishi
90,1,gas,std,two,sedan,fwd,front,240.03,4.19862,1.62052,856.835288,ohc,four,1.5895487,2bbl,3.15,69,7.587580645161291,6.357162162162163,5499.0,nissan
91,1,diesel,std,two,sedan,fwd,front,240.03,4.19862,1.62052,914.895064,ohc,four,1.6878713,idi,2.99,55,5.227,4.7043,7099.0,nissan
92,1,gas,std,two,sedan,fwd,front,240.03,4.19862,1.62052,869.989456,ohc,four,1.5895487,2bbl,3.15,69,7.587580645161291,6.357162162162163,6649.0,nissan
93,1,gas,std,four,sedan,fwd,front,240.03,4.19862,1.62052,879.061296,ohc,four,1.5895487,2bbl,3.15,69,7.587580645161291,6.357162162162163,6849.0,nissan
94,1,gas,std,four,wagon,fwd,front,240.03,4.323079999999999,1.62052,918.070208,ohc,four,1.5895487,2bbl,3.15,69,7.587580645161291,6.357162162162163,7349.0,nissan
95,1,gas,std,two,sedan,fwd,front,240.03,4.19862,1.62052,884.957992,ohc,four,1.5895487,2bbl,3.15,69,7.587580645161291,6.357162162162163,7299.0,nissan
96,1,gas,std,two,hatchback,fwd,front,240.03,4.206239999999999,1.62052,919.884576,ohc,four,1.5895487,2bbl,3.15,69,7.587580645161291,6.357162162162163,7799.0,nissan
97,1,gas,std,four,sedan,fwd,front,240.03,4.19862,1.62052,894.0298319999999,ohc,four,1.5895487,2bbl,3.15,69,7.587580645161291,6.357162162162163,7499.0,nissan
98,1,gas,std,four,wagon,fwd,front,240.03,4.323079999999999,1.62052,923.966904,ohc,four,1.5895487,2bbl,3.15,69,7.587580645161291,6.357162162162163,7999.0,nissan
99,2,gas,std,two,hardtop,fwd,front,241.554,4.12496,1.62052,910.812736,ohc,four,1.5895487,2bbl,3.15,69,7.587580645161291,6.357162162162163,8249.0,nissan
100,0,gas,std,four,hatchback,fwd,front,246.888,4.40436,1.65608,1054.147808,ohc,four,1.9664520000000003,2bbl,3.33,97,8.711666666666666,6.9180882352941175,8949.0,nissan
101,0,gas,std,four,sedan,fwd,front,246.888,4.40436,1.65608,1044.168784,ohc,four,1.9664520000000003,2bbl,3.33,97,8.711666666666666,6.9180882352941175,9549.0,nissan
102,0,gas,std,four,sedan,fwd,front,255.016,4.61518,1.6890999999999998,1403.86724,ohcv,six,2.9660651,mpfi,3.43,152,13.836176470588237,10.691590909090907,13499.0,nissan
103,0,gas,std,four,wagon,fwd,front,255.016,4.68884,1.6890999999999998,1495.039232,ohcv,six,2.9660651,mpfi,3.43,152,13.836176470588237,10.691590909090907,14399.0,nissan
104,0,gas,std,four,sedan,fwd,front,255.016,4.68884,1.6890999999999998,1387.99152,ohcv,six,2.9660651,mpfi,3.43,152,12.379736842105263,9.4086,13499.0,nissan
105,3,gas,std,two,hatchback,rwd,front,231.902,4.33578,1.72466,1392.981032,ohcv,six,2.9660651,mpfi,3.43,160,12.379736842105263,9.4086,17199.0,nissan
106,3,gas,turbo,two,hatchback,rwd,front,231.902,4.33578,1.72466,1423.825288,ohcv,six,2.9660651,mpfi,3.43,200,13.836176470588237,10.226739130434783,19699.0,nissan
107,1,gas,std,two,hatchback,rwd,front,251.968,4.5339,1.72466,1423.825288,ohcv,six,2.9660651,mpfi,3.43,160,12.379736842105263,9.4086,18399.0,nissan
108,0,gas,std,four,sedan,rwd,front,274.06600000000003,4.742179999999999,1.73736,1369.84784,l,four,1.9664520000000003,mpfi,3.46,97,12.379736842105263,9.800625,11900.0,peugeot
109,0,diesel,turbo,four,sedan,rwd,front,274.06600000000003,4.742179999999999,1.73736,1450.133624,l,four,2.4908392000000004,idi,3.7,95,8.400535714285715,7.127727272727273,13200.0,peugeot
110,0,gas,std,four,wagon,rwd,front,290.068,5.05206,1.73736,1465.10216,l,four,1.9664520000000003,mpfi,3.46,97,12.379736842105263,9.800625,12440.0,peugeot
111,0,diesel,turbo,four,wagon,rwd,front,290.068,5.05206,1.73736,1555.82056,l,four,2.4908392000000004,idi,3.7,95,9.4086,9.4086,13860.0,peugeot
112,0,gas,std,four,sedan,rwd,front,274.06600000000003,4.742179999999999,1.73736,1394.7954,l,four,1.9664520000000003,mpfi,3.46,95,12.379736842105263,9.800625,15580.0,peugeot
113,0,diesel,turbo,four,sedan,rwd,front,274.06600000000003,4.742179999999999,1.73736,1475.081184,l,four,2.4908392000000004,idi,3.7,95,8.400535714285715,7.127727272727273,16900.0,peugeot
114,0,gas,std,four,wagon,rwd,front,290.068,5.05206,1.73736,1490.04972,l,four,1.9664520000000003,mpfi,3.46,95,12.379736842105263,9.800625,16695.0,peugeot
115,0,diesel,turbo,four,wagon,rwd,front,290.068,5.05206,1.73736,1580.76812,l,four,2.4908392000000004,idi,3.7,95,9.4086,9.4086,17075.0,peugeot
116,0,gas,std,four,sedan,rwd,front,274.06600000000003,4.742179999999999,1.73736,1394.7954,l,four,1.9664520000000003,mpfi,3.46,97,12.379736842105263,9.800625,16630.0,peugeot
117,0,diesel,turbo,four,sedan,rwd,front,274.06600000000003,4.742179999999999,1.73736,1475.081184,l,four,2.4908392000000004,idi,3.7,95,8.400535714285715,7.127727272727273,17950.0,peugeot
118,0,gas,turbo,four,sedan,rwd,front,274.32,4.742179999999999,1.7348199999999998,1419.74296,l,four,2.1958714,mpfi,3.61,142,13.0675,9.800625,18150.0,peugeot
119,1,gas,std,two,hatchback,fwd,front,237.998,3.99542,1.62052,869.989456,ohc,four,1.4748390000000002,2bbl,2.97,68,6.357162162162163,5.736951219512195,5572.0,plymouth
120,1,gas,turbo,two,hatchback,fwd,front,237.998,3.99542,1.62052,965.243776,ohc,four,1.6059358,spdi,3.03,102,9.800625,7.8405,7957.0,plymouth
121,1,gas,std,four,hatchback,fwd,front,237.998,3.99542,1.62052,892.215464,ohc,four,1.4748390000000002,2bbl,2.97,68,7.587580645161291,6.189868421052632,6229.0,plymouth
122,1,gas,std,four,sedan,fwd,front,237.998,4.24942,1.62052,902.194488,ohc,four,1.4748390000000002,2bbl,2.97,68,7.587580645161291,6.189868421052632,6692.0,plymouth
123,1,gas,std,four,sedan,fwd,front,237.998,4.24942,1.62052,993.820072,ohc,four,1.6059358,2bbl,2.97,68,7.587580645161291,6.189868421052632,7609.0,plymouth
124,-1,gas,std,four,wagon,fwd,front,262.382,4.43484,1.64084,1149.85572,ohc,four,1.9992262000000005,2bbl,3.35,88,9.800625,7.8405,8921.0,plymouth
125,3,gas,turbo,two,hatchback,rwd,front,243.586,4.399279999999999,1.68402,1278.222256,ohc,four,2.5563876000000003,spdi,3.59,145,12.379736842105263,9.800625,12764.0,plymouth
126,3,gas,std,two,hatchback,rwd,front,240.03,4.29006,1.7348199999999998,1260.078576,ohc,four,2.4744521,mpfi,3.94,143,12.379736842105263,8.711666666666666,22018.0,porsche
127,3,gas,std,two,hardtop,rwd,rear,227.33,4.29006,1.651,1250.099552,ohcf,six,3.1790974000000003,mpfi,3.74,207,13.836176470588237,9.4086,32528.0,porsche
128,3,gas,std,two,hardtop,rwd,rear,227.33,4.29006,1.651,1250.099552,ohcf,six,3.1790974000000003,mpfi,3.74,207,13.836176470588237,9.4086,34028.0,porsche
129,3,gas,std,two,convertible,rwd,rear,227.33,4.29006,1.651,1270.0576,ohcf,six,3.1790974000000003,mpfi,3.74,207,13.836176470588237,9.4086,37028.0,porsche
130,1,gas,std,two,hatchback,rwd,front,249.936,4.46278,1.83642,1526.790672,dohcv,eight,3.3265813000000004,mpfi,3.94,288,13.836176470588237,8.400535714285715,31400.5,porsche
131,0,gas,std,four,wagon,fwd,front,244.094,4.6101,1.6890999999999998,1169.813768,ohc,four,2.1630972,mpfi,3.46,90,10.226739130434783,7.587580645161291,9295.0,renault
132,2,gas,std,two,hatchback,fwd,front,244.094,4.4907200000000005,1.6916399999999998,1115.83632,ohc,four,2.1630972,mpfi,3.46,90,10.226739130434783,7.587580645161291,9895.0,renault
133,3,gas,std,two,hatchback,fwd,front,251.714,4.73964,1.6890999999999998,1205.647536,ohc,four,1.9828391000000003,mpfi,3.54,110,11.200714285714286,8.400535714285715,11850.0,saab
134,2,gas,std,four,sedan,fwd,front,251.714,4.73964,1.6890999999999998,1222.43044,ohc,four,1.9828391000000003,mpfi,3.54,110,11.200714285714286,8.400535714285715,12170.0,saab
135,3,gas,std,two,hatchback,fwd,front,251.714,4.73964,1.6890999999999998,1227.873544,ohc,four,1.9828391000000003,mpfi,2.54,110,11.200714285714286,8.400535714285715,15040.0,saab
136,2,gas,std,four,sedan,fwd,front,251.714,4.73964,1.6890999999999998,1251.006736,ohc,four,1.9828391000000003,mpfi,3.54,110,11.200714285714286,8.400535714285715,15510.0,saab
137,3,gas,turbo,two,hatchback,fwd,front,251.714,4.73964,1.6890999999999998,1273.686336,dohc,four,1.9828391000000003,mpfi,3.54,160,12.379736842105263,9.04673076923077,18150.0,saab
138,2,gas,turbo,four,sedan,fwd,front,251.714,4.73964,1.6890999999999998,1291.376424,dohc,four,1.9828391000000003,mpfi,3.54,160,12.379736842105263,9.04673076923077,18620.0,saab
139,2,gas,std,two,hatchback,fwd,front,237.998,3.98526,1.6103599999999998,929.8636,ohcf,four,1.5895487,2bbl,3.62,69,7.587580645161291,6.53375,5118.0,subaru
140,2,gas,std,two,hatchback,fwd,front,237.998,4.01066,1.61544,961.61504,ohcf,four,1.7698068000000002,2bbl,3.62,73,9.04673076923077,7.587580645161291,7053.0,subaru
141,2,gas,std,two,hatchback,4wd,front,236.982,3.99542,1.62052,1016.04608,ohcf,four,1.7698068000000002,2bbl,3.62,73,9.04673076923077,7.587580645161291,7603.0,subaru
142,0,gas,std,four,sedan,fwd,front,246.888,4.3688,1.66116,972.95484,ohcf,four,1.7698068000000002,2bbl,3.62,82,7.35046875,6.357162162162163,7126.0,subaru
143,0,gas,std,four,sedan,fwd,front,246.888,4.3688,1.66116,993.36648,ohcf,four,1.7698068000000002,2bbl,3.62,82,8.400535714285715,7.127727272727273,7775.0,subaru
144,0,gas,std,four,sedan,fwd,front,246.888,4.3688,1.66116,1061.40528,ohcf,four,1.7698068000000002,mpfi,3.62,94,9.04673076923077,7.35046875,9960.0,subaru
145,0,gas,std,four,sedan,4wd,front,246.38,4.3688,1.66116,1081.81692,ohcf,four,1.7698068000000002,2bbl,3.62,82,9.800625,9.4086,9233.0,subaru
146,0,gas,turbo,four,sedan,4wd,front,246.38,4.3688,1.66116,1138.51592,ohcf,four,1.7698068000000002,mpfi,3.62,111,9.800625,8.110862068965517,11259.0,subaru
147,0,gas,std,four,wagon,fwd,front,246.38,4.4069,1.66116,1038.72568,ohcf,four,1.7698068000000002,2bbl,3.62,82,8.400535714285715,7.35046875,7463.0,subaru
148,0,gas,std,four,wagon,fwd,front,246.38,4.4069,1.66116,1113.56836,ohcf,four,1.7698068000000002,mpfi,3.62,94,9.4086,7.587580645161291,10198.0,subaru
149,0,gas,std,four,wagon,4wd,front,246.126,4.40944,1.66116,1097.69264,ohcf,four,1.7698068000000002,2bbl,3.62,82,10.226739130434783,8.110862068965517,8013.0,subaru
150,0,gas,turbo,four,wagon,4wd,front,246.126,4.40944,1.66116,1202.0188,ohcf,four,1.7698068000000002,mpfi,3.62,111,10.226739130434783,10.226739130434783,11694.0,subaru
151,1,gas,std,two,hatchback,fwd,front,243.078,4.03098,1.61544,900.38012,ohc,four,1.5076132000000002,2bbl,3.05,62,6.720428571428571,6.031153846153846,5348.0,toyota
152,1,gas,std,two,hatchback,fwd,front,243.078,4.03098,1.61544,925.32768,ohc,four,1.5076132000000002,2bbl,3.05,62,7.587580645161291,6.189868421052632,6338.0,toyota
153,1,gas,std,four,hatchback,fwd,front,243.078,4.03098,1.61544,913.98788,ohc,four,1.5076132000000002,2bbl,3.05,62,7.587580645161291,6.189868421052632,6488.0,toyota
154,0,gas,std,four,wagon,fwd,front,243.078,4.310379999999999,1.61544,1034.18976,ohc,four,1.5076132000000002,2bbl,3.05,62,7.587580645161291,6.357162162162163,6918.0,toyota
155,0,gas,std,four,wagon,4wd,front,243.078,4.310379999999999,1.61544,1038.72568,ohc,four,1.5076132000000002,2bbl,3.05,62,8.711666666666666,7.35046875,7898.0,toyota
156,0,gas,std,four,wagon,4wd,front,243.078,4.310379999999999,1.61544,1410.67112,ohc,four,1.5076132000000002,2bbl,3.05,62,8.711666666666666,7.35046875,8778.0,toyota
157,0,gas,std,four,sedan,fwd,front,243.078,4.22402,1.63576,943.924952,ohc,four,1.6059358,2bbl,3.19,70,7.8405,6.357162162162163,6938.0,toyota
158,0,gas,std,four,hatchback,fwd,front,243.078,4.22402,1.63576,956.625528,ohc,four,1.6059358,2bbl,3.19,70,7.8405,6.357162162162163,7198.0,toyota
159,0,diesel,std,four,sedan,fwd,front,243.078,4.22402,1.63576,1031.9218,ohc,four,1.802581,idi,3.27,56,6.9180882352941175,6.53375,7898.0,toyota
160,0,diesel,std,four,hatchback,fwd,front,243.078,4.22402,1.63576,1031.9218,ohc,four,1.802581,idi,3.27,56,6.189868421052632,5.0045744680851065,7788.0,toyota
161,0,gas,std,four,sedan,fwd,front,243.078,4.22402,1.63576,949.821648,ohc,four,1.6059358,2bbl,3.19,70,6.189868421052632,5.0045744680851065,7738.0,toyota
162,0,gas,std,four,hatchback,fwd,front,243.078,4.22402,1.63576,962.522224,ohc,four,1.6059358,2bbl,3.19,70,8.400535714285715,6.9180882352941175,8358.0,toyota
163,0,gas,std,four,sedan,fwd,front,243.078,4.22402,1.63576,970.68688,ohc,four,1.6059358,2bbl,3.19,70,8.400535714285715,6.9180882352941175,9258.0,toyota
164,1,gas,std,two,sedan,rwd,front,240.03,4.284979999999999,1.6256,983.841048,ohc,four,1.6059358,2bbl,3.19,70,8.110862068965517,6.9180882352941175,8058.0,toyota
165,1,gas,std,two,hatchback,rwd,front,240.03,4.284979999999999,1.6256,999.716768,ohc,four,1.6059358,2bbl,3.19,70,8.110862068965517,6.9180882352941175,8238.0,toyota
166,1,gas,std,two,sedan,rwd,front,240.03,4.284979999999999,1.6256,1027.38588,dohc,four,1.6059358,mpfi,3.24,112,9.04673076923077,8.110862068965517,9298.0,toyota
167,1,gas,std,two,hatchback,rwd,front,240.03,4.284979999999999,1.6256,1043.2616,dohc,four,1.6059358,mpfi,3.24,112,9.04673076923077,8.110862068965517,9538.0,toyota
168,2,gas,std,two,hardtop,rwd,front,249.936,4.475479999999999,1.6662399999999995,1152.12368,ohc,four,2.3925166000000004,mpfi,3.62,116,9.800625,7.8405,8449.0,toyota
169,2,gas,std,two,hardtop,rwd,front,249.936,4.475479999999999,1.6662399999999995,1150.309312,ohc,four,2.3925166000000004,mpfi,3.62,116,9.800625,7.8405,9639.0,toyota
170,2,gas,std,two,hatchback,rwd,front,249.936,4.475479999999999,1.6662399999999995,1157.113192,ohc,four,2.3925166000000004,mpfi,3.62,116,9.800625,7.8405,9989.0,toyota
171,2,gas,std,two,hardtop,rwd,front,249.936,4.475479999999999,1.6662399999999995,1215.172968,ohc,four,2.3925166000000004,mpfi,3.62,116,9.800625,7.8405,11199.0,toyota
172,2,gas,std,two,hatchback,rwd,front,249.936,4.475479999999999,1.6662399999999995,1231.048688,ohc,four,2.3925166000000004,mpfi,3.62,116,9.800625,7.8405,11549.0,toyota
173,2,gas,std,two,convertible,rwd,front,249.936,4.475479999999999,1.6662399999999995,1349.4362,ohc,four,2.3925166000000004,mpfi,3.62,116,9.800625,7.8405,17669.0,toyota
174,-1,gas,std,four,sedan,fwd,front,260.096,4.46024,1.6890999999999998,1055.054992,ohc,four,1.9992262000000005,mpfi,3.31,92,8.110862068965517,6.9180882352941175,8948.0,toyota
175,-1,diesel,turbo,four,sedan,fwd,front,260.096,4.46024,1.6890999999999998,1124.90816,ohc,four,1.802581,idi,3.27,73,7.8405,7.127727272727273,10698.0,toyota
176,-1,gas,std,four,hatchback,fwd,front,260.096,4.46024,1.6890999999999998,1094.971088,ohc,four,1.9992262000000005,mpfi,3.31,92,8.711666666666666,7.35046875,9988.0,toyota
177,-1,gas,std,four,sedan,fwd,front,260.096,4.46024,1.6890999999999998,1094.971088,ohc,four,1.9992262000000005,mpfi,3.31,92,8.711666666666666,7.35046875,10898.0,toyota
178,-1,gas,std,four,hatchback,fwd,front,260.096,4.46024,1.6890999999999998,1114.929136,ohc,four,1.9992262000000005,mpfi,3.31,92,8.711666666666666,7.35046875,11248.0,toyota
179,3,gas,std,two,hatchback,rwd,front,261.36600000000004,4.6609,1.71958,1349.889792,dohc,six,2.8021941000000004,mpfi,3.27,161,11.76075,9.800625,16558.0,toyota
180,3,gas,std,two,hatchback,rwd,front,261.36600000000004,4.6609,1.71958,1368.033472,dohc,six,2.8021941000000004,mpfi,3.27,161,12.379736842105263,9.800625,15998.0,toyota
181,-1,gas,std,four,sedan,rwd,front,265.43,4.77012,1.6890999999999998,1420.196552,dohc,six,2.8021941000000004,mpfi,3.27,156,11.76075,9.800625,15690.0,toyota
182,-1,gas,std,four,wagon,rwd,front,265.43,4.77012,1.6890999999999998,1429.268392,dohc,six,2.6383231000000005,mpfi,3.27,156,12.379736842105263,9.800625,15750.0,toyota
183,2,diesel,std,two,sedan,fwd,front,247.142,4.361179999999999,1.6637,1025.571512,ohc,four,1.5895487,idi,3.01,52,6.357162162162163,5.113369565217392,7775.0,volkswagen
184,2,gas,std,two,sedan,fwd,front,247.142,4.361179999999999,1.6637,1001.984728,ohc,four,1.7861939000000002,mpfi,3.19,85,8.711666666666666,6.9180882352941175,7975.0,volkswagen
185,2,diesel,std,four,sedan,fwd,front,247.142,4.361179999999999,1.6637,1026.932288,ohc,four,1.5895487,idi,3.01,52,6.357162162162163,5.113369565217392,7995.0,volkswagen
186,2,gas,std,four,sedan,fwd,front,247.142,4.361179999999999,1.6637,1003.345504,ohc,four,1.7861939000000002,mpfi,3.19,85,8.711666666666666,6.9180882352941175,8195.0,volkswagen
187,2,gas,std,four,sedan,fwd,front,247.142,4.361179999999999,1.6637,1031.9218,ohc,four,1.7861939000000002,mpfi,3.19,85,8.711666666666666,6.9180882352941175,8495.0,volkswagen
188,2,diesel,turbo,four,sedan,fwd,front,247.142,4.361179999999999,1.6637,1051.879848,ohc,four,1.5895487,idi,3.01,68,6.357162162162163,5.600357142857143,9495.0,volkswagen
189,2,gas,std,four,sedan,fwd,front,247.142,4.361179999999999,1.6637,1043.2616,ohc,four,1.7861939000000002,mpfi,3.19,100,9.04673076923077,7.35046875,9995.0,volkswagen
190,3,gas,std,two,convertible,fwd,front,240.03,4.04622,1.63068,1022.396368,ohc,four,1.7861939000000002,mpfi,3.19,90,9.800625,8.110862068965517,11595.0,volkswagen
191,3,gas,std,two,hatchback,fwd,front,240.03,4.20878,1.6256,1007.427832,ohc,four,1.7861939000000002,mpfi,3.19,90,9.800625,8.110862068965517,9980.0,volkswagen
192,0,gas,std,four,sedan,fwd,front,255.016,4.57708,1.69926,1207.008312,ohc,five,2.2286456,mpfi,3.19,110,12.379736842105263,9.800625,13295.0,volkswagen
193,0,diesel,turbo,four,sedan,fwd,front,255.016,4.57708,1.69926,1169.813768,ohc,four,1.5895487,idi,3.01,68,7.127727272727273,6.189868421052632,13845.0,volkswagen
194,0,gas,std,four,wagon,fwd,front,255.016,4.65074,1.69926,1162.556296,ohc,four,1.7861939000000002,mpfi,3.19,88,9.4086,7.587580645161291,12290.0,volkswagen
195,-2,gas,std,four,sedan,rwd,front,264.922,4.79552,1.70688,1320.859904,ohc,four,2.3105811000000003,mpfi,3.78,114,10.226739130434783,8.400535714285715,12940.0,volvo
196,-1,gas,std,four,wagon,rwd,front,264.922,4.79552,1.70688,1376.198128,ohc,four,2.3105811000000003,mpfi,3.78,114,10.226739130434783,8.400535714285715,13415.0,volvo
197,-2,gas,std,four,sedan,rwd,front,264.922,4.79552,1.70688,1331.29252,ohc,four,2.3105811000000003,mpfi,3.78,114,9.800625,8.400535714285715,15985.0,volvo
198,-1,gas,std,four,wagon,rwd,front,264.922,4.79552,1.70688,1379.826864,ohc,four,2.3105811000000003,mpfi,3.78,114,9.800625,8.400535714285715,16515.0,volvo
199,-2,gas,turbo,four,sedan,rwd,front,264.922,4.79552,1.70688,1381.18764,ohc,four,2.130323,mpfi,3.62,162,13.836176470588237,10.691590909090907,18420.0,volvo
200,-1,gas,turbo,four,wagon,rwd,front,264.922,4.79552,1.70688,1431.989944,ohc,four,2.130323,mpfi,3.62,162,13.836176470588237,10.691590909090907,18950.0,volvo
201,-1,gas,std,four,sedan,rwd,front,277.114,4.79552,1.7500600000000002,1339.003584,ohc,four,2.3105811000000003,mpfi,3.78,114,10.226739130434783,8.400535714285715,16845.0,volvo
202,-1,gas,turbo,four,sedan,rwd,front,277.114,4.79552,1.74752,1383.002008,ohc,four,2.3105811000000003,mpfi,3.78,160,12.379736842105263,9.4086,19045.0,volvo
203,-1,gas,std,four,sedan,rwd,front,277.114,4.79552,1.7500600000000002,1366.219104,ohcv,six,2.8349683000000003,mpfi,3.58,134,13.0675,10.226739130434783,21485.0,volvo
204,-1,diesel,turbo,four,sedan,rwd,front,277.114,4.79552,1.7500600000000002,1459.205464,ohc,six,2.3761295,idi,3.01,106,9.04673076923077,8.711666666666666,22470.0,volvo
205,-1,gas,turbo,four,sedan,rwd,front,277.114,4.79552,1.7500600000000002,1388.898704,ohc,four,2.3105811000000003,mpfi,3.78,114,12.379736842105263,9.4086,22625.0,volvo
